<manifest><control namespace="Insurgo" constructor="InsurgoChart" version="0.0.1" display-name-key="InsurgoChart" description-key="InsurgoChart description" control-type="virtual" api-version="1.3.18"><property name="title" display-name-key="prop_Title" description-key="prop_Title_Desc" of-type="SingleLine.Text" usage="input" required="false" /><property name="select" display-name-key="prop_Select" description-key="prop_Select_Desc" of-type="SingleLine.Text" usage="bound" required="false" /><property name="mode" display-name-key="prop_Mode" description-key="prop_Mode_Desc" of-type="SingleLine.Text" usage="input" required="false" /><property name="charttype" display-name-key="prop_ChartType" description-key="prop_ChartType_Desc" of-type="SingleLine.Text" usage="input" required="false" /><property name="color" display-name-key="prop_Color" description-key="prop_Color_Desc" of-type="SingleLine.Text" usage="input" required="false" /><feature-usage><uses-feature name="WebAPI" required="true" /></feature-usage><resources><code path="bundle.js" order="1" /><platform-library name="React" version="16.14.0" /><platform-library name="Fluent" version="9.46.2" /></resources><built-by name="pac" version="1.45.2" /></control></manifest>