<ImportExportXml xmlns:xsi="http://www.w3.org/2001/XMLSchema-instance">
  <Entities></Entities>
  <Roles></Roles>
  <Workflows></Workflows>
  <FieldSecurityProfiles></FieldSecurityProfiles>
  <Templates />
  <EntityMaps />
  <EntityRelationships />
  <OrganizationSettings />
  <optionsets />
  <CustomControls />
  <SolutionPluginAssemblies>
    <PluginAssembly FullName="Insurgo.Custom.Api, Version=1.0.0.0, Culture=neutral, PublicKeyToken=e726b017e758dee3" PluginAssemblyId="a34ce46e-dcc9-4c8e-897e-745e9f831237" CustomizationLevel="1">
      <IsolationMode>2</IsolationMode>
      <SourceType>0</SourceType>
      <IntroducedVersion>1.0</IntroducedVersion>
      <FileName>/PluginAssemblies/InsurgoCustomApi-A34CE46E-DCC9-4C8E-897E-745E9F831237/InsurgoCustomApi.dll</FileName>
      <PluginTypes>
        <PluginType AssemblyQualifiedName="Insurgo.Custom.Api.PluginGetEnvironmentVariable, Insurgo.Custom.Api, Version=1.0.0.0, Culture=neutral, PublicKeyToken=e726b017e758dee3" PluginTypeId="032be6a2-aa9e-4d68-9fe2-6a5c0a4b2d6c" Name="Insurgo.Custom.Api.PluginGetEnvironmentVariable">
          <FriendlyName>5556f898-2fba-4be4-84f2-b067a831cbf4</FriendlyName>
        </PluginType>
        <PluginType AssemblyQualifiedName="Insurgo.Custom.Api.PluginGetFileInAttribute, Insurgo.Custom.Api, Version=1.0.0.0, Culture=neutral, PublicKeyToken=e726b017e758dee3" PluginTypeId="0c710721-9b0c-4561-a2f7-9c6371f0354a" Name="Insurgo.Custom.Api.PluginGetFileInAttribute">
          <FriendlyName>caa53c68-288a-4bdb-b9e5-bad30d5ab150</FriendlyName>
        </PluginType>
        <PluginType AssemblyQualifiedName="Insurgo.Custom.Api.PluginGetTeamsEmail, Insurgo.Custom.Api, Version=1.0.0.0, Culture=neutral, PublicKeyToken=e726b017e758dee3" PluginTypeId="299295ca-8719-4835-b7b9-ce4bd80743a2" Name="Insurgo.Custom.Api.PluginGetTeamsEmail">
          <FriendlyName>f71b2083-24ab-4947-9c12-efde83c0cdc4</FriendlyName>
        </PluginType>
      </PluginTypes>
    </PluginAssembly>
  </SolutionPluginAssemblies>
  <EntityDataProviders />
  <Languages>
    <Language>1033</Language>
  </Languages>
</ImportExportXml>