<ImportExportXml xmlns:xsi="http://www.w3.org/2001/XMLSchema-instance">
  <Entities></Entities>
  <Roles></Roles>
  <Workflows></Workflows>
  <FieldSecurityProfiles></FieldSecurityProfiles>
  <Templates />
  <EntityMaps />
  <EntityRelationships />
  <OrganizationSettings />
  <optionsets />
  <CustomControls />
  <SolutionPluginAssemblies>
    <PluginAssembly FullName="Insurgo.Custom.Api, Version=1.0.0.0, Culture=neutral, PublicKeyToken=e726b017e758dee3" PluginAssemblyId="733035e3-2b26-ed11-9db1-002248210d56" CustomizationLevel="1">
      <IsolationMode>2</IsolationMode>
      <SourceType>4</SourceType>
      <IntroducedVersion>1.0.0.7</IntroducedVersion>
      <FileName>/PluginAssemblies/InsurgoCustomApi-733035E3-2B26-ED11-9DB1-002248210D56/InsurgoCustomApi.dll</FileName>
      <PluginTypes>
        <PluginType AssemblyQualifiedName="Insurgo.Custom.Api.PluginGetEmailContent, Insurgo.Custom.Api, Version=1.0.0.0, Culture=neutral, PublicKeyToken=e726b017e758dee3" PluginTypeId="743035e3-2b26-ed11-9db1-002248210d56" Name="Insurgo.Custom.Api.PluginGetEmailContent">
          <FriendlyName>{c2bfb8a4-531f-45e4-9437-da8137964a73}</FriendlyName>
        </PluginType>
        <PluginType AssemblyQualifiedName="Insurgo.Custom.Api.PluginGetEnvironmentVariable, Insurgo.Custom.Api, Version=1.0.0.0, Culture=neutral, PublicKeyToken=e726b017e758dee3" PluginTypeId="753035e3-2b26-ed11-9db1-002248210d56" Name="Insurgo.Custom.Api.PluginGetEnvironmentVariable">
          <FriendlyName>{285b38ea-290b-4fe8-931c-c8730791a6fd}</FriendlyName>
        </PluginType>
        <PluginType AssemblyQualifiedName="Insurgo.Custom.Api.PluginGetFileInAttribute, Insurgo.Custom.Api, Version=1.0.0.0, Culture=neutral, PublicKeyToken=e726b017e758dee3" PluginTypeId="763035e3-2b26-ed11-9db1-002248210d56" Name="Insurgo.Custom.Api.PluginGetFileInAttribute">
          <FriendlyName>{768a7ee3-2670-4c2e-8b76-19e6a33812a9}</FriendlyName>
        </PluginType>
        <PluginType AssemblyQualifiedName="Insurgo.Custom.Api.PluginGetTeamsEmail, Insurgo.Custom.Api, Version=1.0.0.0, Culture=neutral, PublicKeyToken=e726b017e758dee3" PluginTypeId="773035e3-2b26-ed11-9db1-002248210d56" Name="Insurgo.Custom.Api.PluginGetTeamsEmail">
          <FriendlyName>{0da0c7d9-e015-45cf-8bac-fd4448da5d89}</FriendlyName>
        </PluginType>
      </PluginTypes>
    </PluginAssembly>
  </SolutionPluginAssemblies>
  <EntityDataProviders />
  <Languages>
    <Language>1033</Language>
  </Languages>
</ImportExportXml>