<customapi uniquename="ins_getfileinattribute">
  <allowedcustomprocessingsteptype>2</allowedcustomprocessingsteptype>
  <bindingtype>0</bindingtype>
  <description default="GetFileInAttribute">
    <label description="GetFileInAttribute" languagecode="1033" />
  </description>
  <displayname default="GetFileInAttribute">
    <label description="GetFileInAttribute" languagecode="1033" />
  </displayname>
  <iscustomizable>1</iscustomizable>
  <isfunction>0</isfunction>
  <isprivate>0</isprivate>
  <name>GetFileInAttribute</name>
  <plugintypeid>
    <plugintypeid>0c710721-9b0c-4561-a2f7-9c6371f0354a</plugintypeid>
  </plugintypeid>
  <workflowsdkstepenabled>0</workflowsdkstepenabled>
</customapi>