<customapi uniquename="ins_getfileinattribute">
  <allowedcustomprocessingsteptype>2</allowedcustomprocessingsteptype>
  <bindingtype>0</bindingtype>
  <description default="GetFileInAttribute">
    <label description="GetFileInAttribute" languagecode="1033" />
  </description>
  <displayname default="GetFileInAttribute">
    <label description="GetFileInAttribute" languagecode="1033" />
  </displayname>
  <iscustomizable>1</iscustomizable>
  <isfunction>0</isfunction>
  <isprivate>0</isprivate>
  <name>GetFileInAttribute</name>
  <plugintypeid>
    <plugintypeid>763035e3-2b26-ed11-9db1-002248210d56</plugintypeid>
  </plugintypeid>
  <workflowsdkstepenabled>0</workflowsdkstepenabled>
</customapi>