<catalog uniquename="ins_getenvironmentvariable">
  <description default="Get Environment Variable APIs">
    <label description="Get Environment Variable APIs" languagecode="1033" />
  </description>
  <displayname default="Get Environment Variable APIs">
    <label description="Get Environment Variable APIs" languagecode="1033" />
  </displayname>
  <iscustomizable>1</iscustomizable>
  <name>getenvironmentvariable</name>
  <parentcatalogid>
    <uniquename>ins_insurgocustomapi</uniquename>
  </parentcatalogid>
</catalog>