<customapi uniquename="ins_getemailcontent">
  <allowedcustomprocessingsteptype>0</allowedcustomprocessingsteptype>
  <bindingtype>0</bindingtype>
  <description default="GetEmailContent">
    <label description="GetEmailContent" languagecode="1033" />
  </description>
  <displayname default="GetEmailContent">
    <label description="GetEmailContent" languagecode="1033" />
  </displayname>
  <iscustomizable>1</iscustomizable>
  <isfunction>0</isfunction>
  <isprivate>0</isprivate>
  <name>GetEmailContent</name>
  <plugintypeid>
    <plugintypeid>743035e3-2b26-ed11-9db1-002248210d56</plugintypeid>
  </plugintypeid>
  <workflowsdkstepenabled>0</workflowsdkstepenabled>
</customapi>