<customapi uniquename="ins_TdsEndpointApi">
  <allowedcustomprocessingsteptype>0</allowedcustomprocessingsteptype>
  <bindingtype>0</bindingtype>
  <description default="TdsEndpointApi">
    <label description="TdsEndpointApi" languagecode="1033" />
  </description>
  <displayname default="TdsEndpointApi">
    <label description="TdsEndpointApi" languagecode="1033" />
  </displayname>
  <iscustomizable>1</iscustomizable>
  <isfunction>0</isfunction>
  <isprivate>0</isprivate>
  <name>TdsEndpointApi</name>
  <plugintypeid>
    <plugintypeexportkey>EF424B765C59C2F55D5C1106350248296B83B907EBE530A7941B5CB9F16B9295</plugintypeexportkey>
  </plugintypeid>
  <workflowsdkstepenabled>0</workflowsdkstepenabled>
</customapi>