<customapi uniquename="ins_getteamsemail">
  <allowedcustomprocessingsteptype>2</allowedcustomprocessingsteptype>
  <bindingtype>0</bindingtype>
  <description default="GetTeamsEmail">
    <label description="GetTeamsEmail" languagecode="1033" />
  </description>
  <displayname default="GetTeamsEmail">
    <label description="GetTeamsEmail" languagecode="1033" />
  </displayname>
  <iscustomizable>1</iscustomizable>
  <isfunction>0</isfunction>
  <isprivate>0</isprivate>
  <name>GetTeamsEmail</name>
  <plugintypeid>
    <plugintypeid>299295ca-8719-4835-b7b9-ce4bd80743a2</plugintypeid>
  </plugintypeid>
  <workflowsdkstepenabled>0</workflowsdkstepenabled>
</customapi>