<customapi uniquename="ins_getteamsemail">
  <allowedcustomprocessingsteptype>2</allowedcustomprocessingsteptype>
  <bindingtype>0</bindingtype>
  <description default="GetTeamsEmail">
    <label description="GetTeamsEmail" languagecode="1033" />
  </description>
  <displayname default="GetTeamsEmail">
    <label description="GetTeamsEmail" languagecode="1033" />
  </displayname>
  <iscustomizable>1</iscustomizable>
  <isfunction>0</isfunction>
  <isprivate>0</isprivate>
  <name>GetTeamsEmail</name>
  <plugintypeid>
    <plugintypeid>773035e3-2b26-ed11-9db1-002248210d56</plugintypeid>
  </plugintypeid>
  <workflowsdkstepenabled>0</workflowsdkstepenabled>
</customapi>