{"schemaVersion":"1.0","appDefinitionTemplate":{"id":"/providers/Microsoft.PowerApps/apps/","type":"Microsoft.PowerApps/apps","tags":{"primaryDeviceWidth":"1136","primaryDeviceHeight":"640","sienaVersion":"20210728T113101Z-3.21073.16.0","deviceCapabilities":"","supportsPortrait":"false","supportsLandscape":"true","primaryFormFactor":"Phone","publisherVersion":"3.21073.16","minimumRequiredApiVersion":"2.2.0","hasComponent":"false","hasUnlockedComponent":"false","isUnifiedRootApp":"false"},"properties":{"appVersion":"2021-07-28T11:31:01Z","lifeCycleId":"Published","createdByClientVersion":{"major":3,"minor":21073,"build":16,"revision":0,"majorRevision":0,"minorRevision":0},"minClientVersion":{"major":3,"minor":21073,"build":16,"revision":0,"majorRevision":0,"minorRevision":0},"backgroundColor":"rgba(0, 176, 240, 1)","backgroundImageUri":"/13467599006892968377/N37dc575c-abd3-4e50-9e76-523c571f956d-logoSmallFile","displayName":"Alphabet Hero","description":"","commitMessage":"","appUris":{"documentUri":{"value":"/13467599006892968377/Na604a9b2-a072-4562-bea4-9814cd8ad661-document.msapp"},"imageUris":[]},"createdTime":"0001-01-01T00:00:00Z","lastModifiedTime":"0001-01-01T00:00:00Z","sharedGroupsCount":0,"sharedUsersCount":0,"icons":{"smallIconUri":"/13467599006892968377/N53b9eef0-a4bf-4e60-9a96-49bf15ebb557-small.png","mediumIconUri":"/13467599006892968377/Nd290a153-fa5b-460c-b322-79b0a715845e-medium.png","largeIconUri":"/13467599006892968377/N99b53492-aa0e-4022-889a-abe18a83018e-large.png","wideIconUri":"/13467599006892968377/Nad919564-85e6-43e0-b616-f344daafcff3-wide.png"},"connectionReferences":{},"databaseReferences":{},"almMode":"Environment","performanceOptimizationEnabled":true,"canConsumeAppPass":true,"executionRestrictions":{"isTeamsOnly":false,"dataLossPreventionEvaluationResult":{"status":"Compliant","lastEvaluationDate":"2021-07-28T03:11:24.31981Z","violations":[],"violationsByPolicy":[],"violationErrorMessage":"The app uses the following connectors: ."}}},"appType":"ClassicCanvasApp","appComponents":[]}}