{"schemaVersion":"1.0","appDefinitionTemplate":{"id":"/providers/Microsoft.PowerApps/apps/","type":"Microsoft.PowerApps/apps","tags":{"primaryDeviceWidth":"1136","primaryDeviceHeight":"640","sienaVersion":"20210729T055105Z-3.21073.16.0","deviceCapabilities":"","supportsPortrait":"false","supportsLandscape":"true","primaryFormFactor":"Phone","publisherVersion":"3.21073.16","minimumRequiredApiVersion":"2.2.0","hasComponent":"false","hasUnlockedComponent":"false","isUnifiedRootApp":"false"},"properties":{"appVersion":"2021-07-29T05:51:05Z","lifeCycleId":"Published","createdByClientVersion":{"major":3,"minor":21073,"build":16,"revision":0,"majorRevision":0,"minorRevision":0},"minClientVersion":{"major":3,"minor":21073,"build":16,"revision":0,"majorRevision":0,"minorRevision":0},"backgroundColor":"rgba(0, 176, 240, 1)","backgroundImageUri":"/13467599006892968377/N3cb5d86c-bda5-4f87-86a4-5d9fabdf3abb-logoSmallFile","displayName":"Alphabet Hero","description":"","commitMessage":"","appUris":{"documentUri":{"value":"/13467599006892968377/N4d875344-f6d6-4d52-be87-3a0b74f8f4d3-document.msapp"},"imageUris":[]},"createdTime":"0001-01-01T00:00:00Z","lastModifiedTime":"0001-01-01T00:00:00Z","sharedGroupsCount":0,"sharedUsersCount":0,"icons":{"smallIconUri":"/13467599006892968377/N695e068b-b840-4ff9-920d-d1a3b1a5381e-small.png","mediumIconUri":"/13467599006892968377/Nd0030166-0c8e-4a75-b02d-2c7c33aa8de1-medium.png","largeIconUri":"/13467599006892968377/Nfeebbeac-3a54-419b-ba81-33199c3cff4d-large.png","wideIconUri":"/13467599006892968377/Nfbd6e960-3d0d-4098-88f2-5a769dec4c42-wide.png"},"connectionReferences":{},"databaseReferences":{},"almMode":"Environment","performanceOptimizationEnabled":true,"canConsumeAppPass":true,"executionRestrictions":{"isTeamsOnly":false,"dataLossPreventionEvaluationResult":{"status":"Compliant","lastEvaluationDate":"2021-07-28T03:11:24.31981Z","violations":[],"violationsByPolicy":[],"violationErrorMessage":"The app uses the following connectors: ."}}},"appType":"ClassicCanvasApp","appComponents":[]}}