{"schemaVersion":"1.0","appDefinitionTemplate":{"id":"/providers/Microsoft.PowerApps/apps/","type":"Microsoft.PowerApps/apps","tags":{"primaryDeviceWidth":"1136","primaryDeviceHeight":"640","sienaVersion":"20210728T113101Z-3.21073.16.0","deviceCapabilities":"","supportsPortrait":"false","supportsLandscape":"true","primaryFormFactor":"Phone","publisherVersion":"3.21073.16","minimumRequiredApiVersion":"2.2.0","hasComponent":"false","hasUnlockedComponent":"false","isUnifiedRootApp":"false"},"properties":{"appVersion":"2021-07-28T11:31:01Z","lifeCycleId":"Published","createdByClientVersion":{"major":3,"minor":21073,"build":16,"revision":0,"majorRevision":0,"minorRevision":0},"minClientVersion":{"major":3,"minor":21073,"build":16,"revision":0,"majorRevision":0,"minorRevision":0},"backgroundColor":"rgba(0, 176, 240, 1)","backgroundImageUri":"/13467599006892968377/N3ceb4173-2b18-441c-b8ad-175cb60de8b2-logoSmallFile","displayName":"Alphabet Hero","description":"","commitMessage":"","appUris":{"documentUri":{"value":"/13467599006892968377/N67f5cfa1-bd18-4e1a-bb8c-9b625621471b-document.msapp"},"imageUris":[]},"createdTime":"0001-01-01T00:00:00Z","lastModifiedTime":"0001-01-01T00:00:00Z","sharedGroupsCount":0,"sharedUsersCount":0,"icons":{"smallIconUri":"/13467599006892968377/N4ed20c3b-6fd1-4967-bad1-1b27ba954f5c-small.png","mediumIconUri":"/13467599006892968377/Ne2f1305f-4f94-4ad5-aa89-53cbd8793bd1-medium.png","largeIconUri":"/13467599006892968377/Nae5c275a-47e9-4a79-a49e-68b0e96d92dd-large.png","wideIconUri":"/13467599006892968377/N25b39c83-f82c-4585-9064-a953a7fd57e4-wide.png"},"connectionReferences":{},"databaseReferences":{},"almMode":"Environment","performanceOptimizationEnabled":true,"canConsumeAppPass":true,"executionRestrictions":{"isTeamsOnly":false,"dataLossPreventionEvaluationResult":{"status":"Compliant","lastEvaluationDate":"2021-07-28T03:11:24.31981Z","violations":[],"violationsByPolicy":[],"violationErrorMessage":"The app uses the following connectors: ."}}},"appType":"ClassicCanvasApp","appComponents":[]}}