{"schemaVersion":"1.0","appDefinitionTemplate":{"id":"/providers/Microsoft.PowerApps/apps/","type":"Microsoft.PowerApps/apps","tags":{"primaryDeviceWidth":"1136","primaryDeviceHeight":"640","sienaVersion":"20210730T094139Z-3.21073.16.0","deviceCapabilities":"","supportsPortrait":"false","supportsLandscape":"true","primaryFormFactor":"Phone","publisherVersion":"3.21073.16","minimumRequiredApiVersion":"2.2.0","hasComponent":"false","hasUnlockedComponent":"false","isUnifiedRootApp":"false"},"properties":{"appVersion":"2021-07-30T09:41:39Z","lifeCycleId":"Published","createdByClientVersion":{"major":3,"minor":21073,"build":16,"revision":0,"majorRevision":0,"minorRevision":0},"minClientVersion":{"major":3,"minor":21073,"build":16,"revision":0,"majorRevision":0,"minorRevision":0},"backgroundColor":"rgba(0, 176, 240, 1)","backgroundImageUri":"/13467599006892968377/N83f43a77-2526-4ac8-98c5-32b972512809-logoSmallFile","displayName":"Alphabet Hero","description":"","commitMessage":"","appUris":{"documentUri":{"value":"/13467599006892968377/N922e2b2c-174b-4c4f-9b6e-dde251c0c9ad-document.msapp"},"imageUris":[]},"createdTime":"0001-01-01T00:00:00Z","lastModifiedTime":"0001-01-01T00:00:00Z","sharedGroupsCount":0,"sharedUsersCount":0,"icons":{"smallIconUri":"/13467599006892968377/Nba9cba5f-71ea-44d4-972b-59b23628e453-small.png","mediumIconUri":"/13467599006892968377/N2a4e0a96-4934-4d9d-baf9-fa5565aaa274-medium.png","largeIconUri":"/13467599006892968377/N23699bc3-a330-4dda-8898-464355b8e1b2-large.png","wideIconUri":"/13467599006892968377/N07995460-0e63-481d-b701-6bbea7e127e0-wide.png"},"connectionReferences":{},"databaseReferences":{},"almMode":"Environment","performanceOptimizationEnabled":true,"canConsumeAppPass":true,"executionRestrictions":{"isTeamsOnly":false,"dataLossPreventionEvaluationResult":{"status":"Compliant","lastEvaluationDate":"2021-07-28T03:11:24.31981Z","violations":[],"violationsByPolicy":[],"violationErrorMessage":"The app uses the following connectors: ."}}},"appType":"ClassicCanvasApp","appComponents":[]}}