<customapi uniquename="ins_getenvironmentvariable">
  <allowedcustomprocessingsteptype>2</allowedcustomprocessingsteptype>
  <bindingtype>0</bindingtype>
  <description default="GetEnvironmentVariable">
    <label description="GetEnvironmentVariable" languagecode="1033" />
  </description>
  <displayname default="GetEnvironmentVariable">
    <label description="GetEnvironmentVariable" languagecode="1033" />
  </displayname>
  <iscustomizable>1</iscustomizable>
  <isfunction>0</isfunction>
  <isprivate>0</isprivate>
  <name>GetEnvironmentVariable</name>
  <plugintypeid>
    <plugintypeid>032be6a2-aa9e-4d68-9fe2-6a5c0a4b2d6c</plugintypeid>
  </plugintypeid>
  <workflowsdkstepenabled>0</workflowsdkstepenabled>
</customapi>